name	LWR	fract	aLWR	afract	taxopath
8aa95fc175eff147106661562d46445284d76c1e;size=175	0.8715	0.8769	0.8715	0.8769	Eukaryota;SAR;Alveolata;Perkinsea;NAG01;Freshwater environmental sequence
5bde025bcf690ae39c34ce121049b2f07400c933;size=18	0.7988	0.8163	0.887	0.9064	Eukaryota;SAR;Alveolata;Perkinsea
8a77bb138dfffc8ce103638bae7a24251906172c;size=49	0.5299	0.5342	0.5299	0.5342	Eukaryota;SAR;Alveolata;Perkinsea;NAG01;Freshwater environmental sequence
2632e1df0a35a009ca06241e88f6571afcc297de;size=25	0.5678	0.5722	0.734	0.7396	Eukaryota;SAR;Alveolata;Perkinsea;NAG01
9e5346e6159c71ec547d50e81996320f53d672a6;size=271	0.4893	0.5187	0.4893	0.5187	Eukaryota;SAR;Alveolata;Perkinsea;NAG01;Freshwater environmental sequence
1051d240e082ee3abd2d01387f55a3ef5ab2a1c9;size=42	0.4581	0.5202	0.7868	0.8934	Eukaryota;SAR;Alveolata;Perkinsea
ee3f0d48c0e73bc5d47ffa7b1fdc2b3876847c6e;size=176	0.6892	0.6895	0.9781	0.9786	Eukaryota;SAR;Alveolata;Perkinsea;NAG01
274a5ba3600973f92abfdc200e87f3b3dbdad14e;size=21	0.7088	0.7265	0.8969	0.9193	Eukaryota;SAR;Alveolata;Perkinsea
505ca3ddc3c666e001c64f3f71cbb1dd3dbf9b86;size=818	0.7112	0.7509	0.7112	0.7509	Eukaryota;SAR;Alveolata;Perkinsea;NAG01;Freshwater environmental sequence
816685f4d238fb3ecb01b29c809eeff606c567be;size=570	0.9755	0.9755	0.9755	0.9755	Eukaryota;SAR;Alveolata;Perkinsea;NAG01;Freshwater environmental sequence
45c8ae624737be572603012f89625e3ed4b03949;size=320	0.6567	0.667	0.8803	0.8941	Eukaryota;SAR;Alveolata;Perkinsea
5faebba3f6aa9994ab89a8d3ee517c7204eef0eb;size=563	0.9054	0.9157	0.9054	0.9157	Eukaryota;SAR;Alveolata;Perkinsea;NAG01;Freshwater environmental sequence
2f74f204bd766fadfbf34c0912f9d9f73e3046f5;size=10	0.5958	0.5963	0.7699	0.7706	Eukaryota;SAR;Alveolata;Perkinsea;NAG01
e823fb81d263ce8786e75badb0f0f44bc52e5e6e;size=287	0.6349	0.6358	0.8482	0.8495	Eukaryota;SAR;Alveolata;Perkinsea;NAG01
917f8e4d42497b62d8894773aaf4e1f78033eb04;size=292	0.884	0.8867	0.945	0.9479	Eukaryota;SAR;Alveolata;Perkinsea
642d6d45bc1d6b1a0e5cf9a70b83caeb0b778b3c;size=18	0.9712	0.9713	0.9712	0.9713	Eukaryota;SAR;Alveolata;Perkinsea;NAG01;Freshwater environmental sequence
e353d373bf2b7eeae70bdf391afa46ec77a299a6;size=42	0.9763	0.9763	0.9763	0.9763	Eukaryota;SAR;Alveolata;Perkinsea;NAG01;Freshwater environmental sequence
e1feb63213dca664d7d1b14d97877930a5d6b3ee;size=20	0.69	0.6961	0.6901	0.6961	Eukaryota;SAR;Alveolata;Perkinsea;NAG01
7608bd188f994f14eb8f9bd9bf223dfe6e391e5d;size=959	0.9787	0.9787	0.9788	0.9788	Eukaryota;SAR;Alveolata;Perkinsea;NAG01
862fcbccd4fdbf868fbf8e1e1f8b6692e1acde1e;size=49	0.9631	0.9779	0.9632	0.9779	Eukaryota;SAR;Alveolata;Perkinsea;NAG01
cdf5465bf98f09ec8fa510c35f65b3172b9b6caf;size=13	0.9821	0.9823	0.9822	0.9824	Eukaryota;SAR;Alveolata;Perkinsea;NAG01
2cab0e1a84161ef0aa3ba4a4979deee271d15b0e;size=14	0.6131	0.6178	0.859	0.8655	Eukaryota;SAR;Alveolata;Perkinsea;NAG01
78d4b38e66a3167d8f4a27d53c25835a934b527e;size=130	0.9676	0.9754	0.9677	0.9755	Eukaryota;SAR;Alveolata;Perkinsea;NAG01
46ca3819d725c14b32f527cec04d2dc48342d9ff;size=13	0.5971	0.5981	0.9288	0.9304	Eukaryota;SAR;Alveolata;Perkinsea
5a6563eb1a4f33b5ca9eeabb8249481789dec07f;size=237	0.7045	0.7067	0.9529	0.9559	Eukaryota;SAR;Alveolata;Perkinsea;NAG01
132bd78aaf1b823d9ee02c431458be72e560bf47;size=693	0.9668	0.9765	0.9669	0.9766	Eukaryota;SAR;Alveolata;Perkinsea;NAG01
743f123a30a0ba254bc2e83c21c1dbdd7a3ae1d6;size=136	0.5878	0.591	0.921	0.9261	Eukaryota;SAR;Alveolata;Perkinsea
2362b3add85a925c97e405e3adf2f6bcec062882;size=232	0.6112	0.612	0.9808	0.9821	Eukaryota;SAR;Alveolata;Perkinsea
64ae9637fc5999fe1b861c3c9294b0c8250a6e61;size=34	0.7929	0.7929	0.9477	0.9477	Eukaryota;SAR;Alveolata;Perkinsea
d61c169096e3f2ce581b2949e6dbbea5cc4a3138;size=153	0.761	0.9174	0.7611	0.9174	Eukaryota;SAR;Alveolata;Perkinsea
a78daf64e2cb0246529a465248eda11e1bf6a9cd;size=12	0.5933	0.5954	0.9216	0.925	Eukaryota;SAR;Alveolata;Perkinsea
a22779516cfd0fc69fd7f52da2fceaa29c6eb4ec;size=59	0.7817	0.8436	0.8922	0.9628	Eukaryota;SAR;Alveolata;Perkinsea
6fae17392f1d5a0b34531a932d38b3ad4dc2219c;size=209	0.8573	0.946	0.8803	0.9714	Eukaryota;SAR;Alveolata;Perkinsea
22ad0440cbee1b7b9b7ea270c9443361f4fc0434;size=99	0.7441	0.795	0.9081	0.9701	Eukaryota;SAR;Alveolata;Perkinsea
a9632e81948668d79830d7240ef1367f8aecbd45;size=103	0.7681	0.8645	0.8618	0.9699	Eukaryota;SAR;Alveolata;Perkinsea
1e8be3fa8da58ff9bfd1ad4e72ffe69f98896d8f;size=31	0.8251	0.8479	0.9631	0.9897	Eukaryota;SAR;Alveolata;Perkinsea
9042ff62c315143f98d82b0b2483da272cb8a5e8;size=10	0.8234	0.8515	0.9569	0.9895	Eukaryota;SAR;Alveolata;Perkinsea
446a2b6f8fa8f97c4a06bf6ae5895a388c276f90;size=59	0.6455	0.6545	0.9459	0.9591	Eukaryota;SAR;Alveolata;Perkinsea
892dedc0e31e8e33900196d682d437ff463e7ec6;size=19	0.8221	0.8909	0.898	0.9732	Eukaryota;SAR;Alveolata;Perkinsea
e60f4465b1fabddcc1f524bf96f2d33f25c8c2ce;size=43	0.8179	0.8409	0.9643	0.9914	Eukaryota;SAR;Alveolata;Perkinsea
1efa804760d46214f8a8f55730ba5fb5e42461a5;size=21	0.9142	0.9462	0.9316	0.9641	Eukaryota;SAR;Alveolata;Perkinsea
9cc1b4bdd8b9dc348003aed8e8419e94d7926d7c;size=11	0.8482	0.8589	0.976	0.9883	Eukaryota;SAR;Alveolata;Perkinsea
085dddfd7cc905ca5f9eb66d44cb743e74ffed55;size=11	0.8554	0.9038	0.9288	0.9814	Eukaryota;SAR;Alveolata;Perkinsea
46daedbb558e98665117f166a5fe90344765627f;size=85	0.8032	0.8163	0.9826	0.9987	Eukaryota;SAR;Alveolata;Perkinsea
f2a5affc79c9ef8263609e46f023825b7fd7c197;size=33	0.8204	0.8428	0.8988	0.9233	Eukaryota;SAR;Alveolata;Perkinsea;PERK01
e5e07fdba41c471e2ae39c6bcc1558cfa7c91c60;size=16	0.7633	0.7822	0.9308	0.9537	Eukaryota;SAR;Alveolata;Perkinsea;PERK01
55f0c374ef49d8100131a0ddf5496716007bb0dd;size=129	0.7723	0.7883	0.9684	0.9885	Eukaryota;SAR;Alveolata;Perkinsea;PERK01
b5c019f8c13dfbdf18f79db58ef13144c70740a1;size=40	0.9333	0.9355	0.9511	0.9534	Eukaryota;SAR;Alveolata;Perkinsea;PERK01
38685082f5d25d2b698333ccfc7af9d9ad9c30a2;size=103	0.6471	0.6501	0.9853	0.9899	Eukaryota;SAR;Alveolata;Perkinsea
20ab7c1b626200408fd8aa477eaf59e1650c237b;size=30	0.9204	0.9211	0.9204	0.9211	Eukaryota;SAR;Alveolata;Perkinsea;PERK01;Freshwater environmental sequence
2e2f6860ef0c78789ac553299eea0bcbd7bc84bc;size=22	0.8414	0.8527	0.8414	0.8527	Eukaryota;SAR;Alveolata;Perkinsea;PERK01;Freshwater environmental sequence
0712509f008bff10fcf1fcda17607fc88c6ca0b6;size=61	0.8016	0.802	0.8016	0.802	Eukaryota;SAR;Alveolata;Perkinsea;PERK01;Freshwater environmental sequence
585cc9653a44581e9d50d59f65f26f176928ef2d;size=13	0.7828	0.7939	0.9374	0.9506	Eukaryota;SAR;Alveolata;Perkinsea;PERK01
049f67a580bb426ab1440bd15bfb23e8edad1e9d;size=14	0.7803	0.8041	0.8541	0.8801	Eukaryota;SAR;Alveolata;Perkinsea;PERK01
e6c7d8e3f532535302581ab9e9da05df442b13f5;size=74	0.479	0.505	0.479	0.505	Eukaryota;SAR;Alveolata;Perkinsea;PERK01;Freshwater environmental sequence
111708e0c6d5ea987b7d897cfa1245d2257043f5;size=83	0.9074	0.9076	0.9074	0.9076	Eukaryota;SAR;Alveolata;Perkinsea;PERK01;Freshwater environmental sequence
e114e0836807ff87ad2b2f4406df5184a829a2d2;size=12	0.8069	0.8074	0.8069	0.8074	Eukaryota;SAR;Alveolata;Perkinsea;PERK01;Freshwater environmental sequence
c04746aab939bc83b8648c7e708505d1b221d11a;size=271	0.7715	0.7856	0.9551	0.9726	Eukaryota;SAR;Alveolata;Perkinsea;PERK01
04fd0c8410393203cb37441b060bec5cf3e21aab;size=124	0.5982	0.6089	0.9529	0.9699	Eukaryota;SAR;Alveolata;Perkinsea;PERK01
caa0d1be61681354f2bab74cb86eb2fcd9a8fecb;size=22	0.6343	0.6406	0.6343	0.6406	Eukaryota;SAR;Alveolata;Perkinsea;PERK01;Freshwater environmental sequence
50161eb3a9c79391ce2b48468e51153e3d364910;size=19	0.937	0.9416	0.937	0.9416	Eukaryota;SAR;Alveolata;Perkinsea;PERK01;Freshwater environmental sequence
8c0d335f0e718eebadd45a693dec3885fb451c66;size=14	0.9577	0.9577	0.9577	0.9577	Eukaryota;SAR;Alveolata;Perkinsea;PERK01;Freshwater environmental sequence
19c3ba39ae0ac5e93005557f8004d53063edca8c;size=72	0.711	0.7122	0.9769	0.9786	Eukaryota;SAR;Alveolata;Perkinsea;PERK01
6d8aa95d2f5131351eb8fd2e32d8a6f424755f27;size=31	0.7021	0.8158	0.8474	0.9847	Eukaryota;SAR;Alveolata;Perkinsea
54d7a8a1c69eb8ec2da9e981ecc89e4cf1eb55fa;size=153	0.855	0.8551	0.855	0.8551	Eukaryota;SAR;Alveolata;Perkinsea;PERK01
0e0b75bac57466fd4123047a258fa8fa4725f60c;size=19	0.8107	0.8634	0.9296	0.99	Eukaryota;SAR;Alveolata;Perkinsea
0e39f505083f66b9ba4bc1f5f781ab125f8477d3;size=45	0.9358	0.9563	0.9544	0.9753	Eukaryota;SAR;Alveolata;Perkinsea
e9dd11c9695b50056f8b66e1ce2c5074e56a50d8;size=245	0.8141	0.859	0.9167	0.9673	Eukaryota;SAR;Alveolata;Perkinsea
d49b5dffe269d205d236d1875c41fe76dbc169ac;size=95	0.9494	0.9557	0.9708	0.9772	Eukaryota;SAR;Alveolata;Perkinsea
69bd6ed571482ceb70d8f986a51a3447b0292892;size=119	0.8554	0.8782	0.9398	0.9649	Eukaryota;SAR;Alveolata;Perkinsea
cb40839bb60befdd6a4516c1442d9249d9316bc0;size=10	0.5841	0.7529	0.7506	0.9676	Eukaryota;SAR;Alveolata;Perkinsea
c4da0aeba4e81f27510709bb77faa5af07460a32;size=384	0.9069	0.9069	0.9549	0.9549	Eukaryota;SAR;Alveolata;Perkinsea;PERK02
66224a69ec6f5f3d8bd5c7198bdcdc88883d45d2;size=25	0.9061	0.9194	0.9062	0.9194	Eukaryota;SAR;Alveolata;Perkinsea;PERK02
a54bd3d51a9c9885578c71f3be1228bf48379f5e;size=579	0.8719	0.881	0.9321	0.9418	Eukaryota;SAR;Alveolata;Perkinsea;PERK02
1c34fdf281736217b734c524c096d50d0ef52a80;size=20	0.9336	0.9504	0.9336	0.9504	Eukaryota;SAR;Alveolata;Perkinsea;PERK02
d3a754c6f5a8583734f4632ea35fce2904de7752;size=83	0.8374	0.8374	0.9739	0.9739	Eukaryota;SAR;Alveolata;Perkinsea;PERK02
84235b87c524a0c6376de61675e4a3872c62e4fb;size=1587	0.7231	0.7233	0.9653	0.9655	Eukaryota;SAR;Alveolata;Perkinsea;PERK02
012e131ca47f72f41cf1e1637de84d6fa84c01a2;size=30	0.7805	0.7807	0.9538	0.954	Eukaryota;SAR;Alveolata;Perkinsea;PERK02
d529c2132c45b18cffdcd24fd880e3bda2a61bb2;size=15	0.9098	0.9314	0.9098	0.9314	Eukaryota;SAR;Alveolata;Perkinsea;PERK02
0b7014b2b55e6fd4eaf4d10b7a1a7c5d80563550;size=14	0.9202	0.9203	0.9729	0.9729	Eukaryota;SAR;Alveolata;Perkinsea;PERK02
d4f2887316bfa9b5a0fff9703df7ef8264878bef;size=1607	0.9616	0.9616	0.9634	0.9634	Eukaryota;SAR;Alveolata;Perkinsea;PERK02
b2c61634dc2915fceb406fa91a8a76a582d73751;size=11	0.9753	0.9761	0.9753	0.9761	Eukaryota;SAR;Alveolata;Perkinsea;PERK02
5eed1ce246b76ee21c9a2be98ddfe25d5caeaa99;size=454	0.9928	0.9928	0.9928	0.9928	Eukaryota;SAR;Alveolata;Perkinsea;PERK02
e73b5acaea0348a2d289235e2d40ce2d114ec2d4;size=154	0.9494	0.9515	0.9495	0.9516	Eukaryota;SAR;Alveolata;Perkinsea;PERK02
c0ee05a51c4c7b53c3871a898a1685ceae0232cb;size=15	0.9696	0.9791	0.9696	0.9791	Eukaryota;SAR;Alveolata;Perkinsea;PERK02
850859d78acc3eda25cb282457af71d04f08b09d;size=261	0.98	0.9862	0.98	0.9862	Eukaryota;SAR;Alveolata;Perkinsea;PERK02
5a09367e9587fe528d9cc3b82d108fdee3e28028;size=212	0.7101	0.7125	0.9208	0.9239	Eukaryota;SAR;Alveolata;Perkinsea;PERK02
b4ac521dda3fada3f64dd1aec53b9a60c0c5bbff;size=13	0.9606	0.9608	0.9606	0.9608	Eukaryota;SAR;Alveolata;Perkinsea;PERK02
a5a642dd4be171e7cc3861d8cf2f2e3f813a5923;size=25	0.9905	0.9909	0.9905	0.9909	Eukaryota;SAR;Alveolata;Perkinsea;PERK02
fff550575a912bebb9bcec21170d8c202b7bbe41;size=36	0.8488	0.8547	0.8646	0.8706	Eukaryota;SAR;Alveolata;Perkinsea;PERK02
97f3418d80c7f2991c2db87c3953140c4a16422d;size=56	0.9605	0.9624	0.9605	0.9624	Eukaryota;SAR;Alveolata;Perkinsea;PERK02
ad1ba0ee0148f29704af0e39e414661704673cda;size=57	0.9677	0.9678	0.9677	0.9678	Eukaryota;SAR;Alveolata;Perkinsea;PERK02
49900b404d5a47e2de19cc1a0c8f4151d9493bd0;size=181	0.9709	0.9709	0.9709	0.9709	Eukaryota;SAR;Alveolata;Perkinsea;PERK02
abd0368501db5d22a436a4329ecffceaf47d02d6;size=19	0.9542	0.9565	0.9543	0.9566	Eukaryota;SAR;Alveolata;Perkinsea;PERK02
dccbef96744f6541a173d9e9e43cc7f9149f1c29;size=18	0.9836	0.9837	0.9836	0.9837	Eukaryota;SAR;Alveolata;Perkinsea;PERK02
4f84c2c0855c15ae005994561c826af44be085cf;size=35	0.9393	0.9452	0.9393	0.9452	Eukaryota;SAR;Alveolata;Perkinsea;PERK02
308335d6ef049e1a3242fea8fa937b4ab2d998c4;size=374	0.9101	0.9355	0.9117	0.9372	Eukaryota;SAR;Alveolata;Perkinsea;PERK02
99cb4e0c2252e0fb3fde105a4da0f1d25056200b;size=64	0.9227	0.9234	0.9227	0.9234	Eukaryota;SAR;Alveolata;Perkinsea;PERK02
e73d6ab02142c9353b362d9d15d45f9b0a8db17a;size=11	0.9946	0.9964	0.9946	0.9964	Eukaryota;SAR;Alveolata;Perkinsea;PERK02
6909fc4caed1c2b625cc54665e1457df49ab3341;size=699	0.9657	0.9657	0.9657	0.9657	Eukaryota;SAR;Alveolata;Perkinsea;PERK02
6d943dca556909431f7abafbb2477bc2ec92321a;size=14	0.9417	0.9513	0.9418	0.9514	Eukaryota;SAR;Alveolata;Perkinsea;PERK02
fe3c5581c77496ae877aa54fa5b4ba91875858c6;size=13	0.973	0.9864	0.973	0.9864	Eukaryota;SAR;Alveolata;Perkinsea;PERK02
de501251b7583fefee3a8914cf05a367d6c5cc24;size=284	0.9589	0.9589	0.9589	0.9589	Eukaryota;SAR;Alveolata;Perkinsea;PERK02
316ba034a2768d171b5412fd05d8440f768a715c;size=514	0.9719	0.9722	0.9719	0.9722	Eukaryota;SAR;Alveolata;Perkinsea;PERK02
30a63c1ac06794a986d351b6e881661e53323ba1;size=91	0.7836	0.9539	0.7936	0.966	Eukaryota;SAR;Alveolata;Perkinsea
7ffdb932ac58524dbc11238b226cb0499edceeff;size=11	0.7952	0.8138	0.9614	0.9839	Eukaryota;SAR;Alveolata;Perkinsea
274e064ce6cddd24701be5ae377357458f23e250;size=48	0.9073	0.9415	0.9424	0.9778	Eukaryota;SAR;Alveolata;Perkinsea
a8e9838470f71682192dfe30ea37b448343a6a93;size=203	0.9674	0.9728	0.9712	0.9766	Eukaryota;SAR;Alveolata;Perkinsea
0e66d61088d6e5df91f4e2cc2ba4fe1f0c819c66;size=153	0.7975	0.874	0.8851	0.97	Eukaryota;SAR;Alveolata;Perkinsea
c349b3d52067644002864597dc67cdf569c07c88;size=10	0.8624	0.8752	0.9504	0.9645	Eukaryota;SAR;Alveolata;Perkinsea
44ec05b27b0a043842e84042caec52c4b6666115;size=108	0.9377	0.9773	0.9377	0.9773	Eukaryota;SAR;Alveolata;Perkinsea
6c394e33b5ea990d2c2da2ac14c9e13ae48d47e1;size=11	0.7964	0.8101	0.9737	0.9904	Eukaryota;SAR;Alveolata;Perkinsea
3a8cd201bb3d9cc04b8bb8c75ed5c6b6103ef4fd;size=73	0.807	0.9345	0.841	0.9738	Eukaryota;SAR;Alveolata;Perkinsea
89fcd7cb9ea9686ed3e5a5e774f2d9f19f2ab8a3;size=37	0.956	0.9768	0.9649	0.9859	Eukaryota;SAR;Alveolata;Perkinsea
b9a39c06f12873ebf2666a175bd6d588da29195e;size=11	0.8504	0.8675	0.9705	0.99	Eukaryota;SAR;Alveolata;Perkinsea
0019f2558fe02becc74ddd9075565db2341cdb2d;size=52	0.9261	0.9393	0.9262	0.9394	Eukaryota;SAR;Alveolata;Perkinsea;Perkinsidae
0e6d1db5e3b3cded5e791448962a5e9f60f1cc5a;size=114	0.9573	0.96	0.9576	0.9603	Eukaryota;SAR;Alveolata;Perkinsea
04338f8afb0537de11e6732f209f5432e03cc3bf;size=250	0.9287	0.9298	0.9288	0.9299	Eukaryota;SAR;Alveolata;Perkinsea
d57c6c45eb8ee0868d340c6ba956e660d5b24576;size=188	0.8878	0.8878	0.9559	0.9559	Eukaryota;SAR;Alveolata;Perkinsea
4115e142a99d77e709d7553dd53923f9b3ac92f4;size=209	0.8296	0.8296	0.9827	0.9827	Eukaryota;SAR;Alveolata;Perkinsea
b15d3426b19cc1bdacdf7913466c948c3b359539;size=16	0.5199	0.5199	0.52	0.52	Eukaryota;SAR;Alveolata;Perkinsea;Perkinsidae
98522683e37f46852fa4ad4143fa3626b5e7b538;size=248	0.7005	0.7005	0.7006	0.7006	Eukaryota;SAR;Alveolata;Perkinsea;Perkinsidae
e73d65e84bd7eeee22b621548bd7ad9f369da2b5;size=13	0.8776	0.8776	0.9573	0.9573	Eukaryota;SAR;Alveolata;Perkinsea
3fe99f28ec69defa1fb5113bd1ebde7b36d1b6a5;size=94	0.3891	0.3929	0.3891	0.3929	Eukaryota;SAR;Alveolata;Perkinsea;Perkinsidae
0040cf83740ed5970060ed581d8c682edfb1c34c;size=19	0.914	0.9229	0.9544	0.9637	Eukaryota;SAR;Alveolata;Perkinsea
2668a86d5142f32e0e4c45c8c47f5b189b20e6d2;size=42	0.9024	0.9272	0.9097	0.9347	Eukaryota;SAR;Alveolata;Perkinsea
b95eacad2d5c9e289490b2506dfb960419cb32b4;size=91	0.6271	0.6302	0.9121	0.9167	Eukaryota;SAR;Alveolata;Perkinsea
8fdbaf0d9ed040866f1f74e8ec37b31be2866b38;size=970	0.7092	0.7092	0.9825	0.9825	Eukaryota;SAR;Alveolata;Perkinsea
5dcadfdb40a9731210a53946916251d7400f5f2d;size=20	0.4045	0.4052	0.5239	0.5248	Eukaryota;SAR;Alveolata;Perkinsea;Perkinsidae
18bba9fc96d41d642f51bb301383ff8472ba59be;size=86	0.5295	0.5295	0.9237	0.9237	Eukaryota;SAR;Alveolata;Perkinsea
eebb786933763ea8e4993036edc426086c6aad68;size=80	0.6279	0.6279	0.9903	0.9903	Eukaryota;SAR;Alveolata;Perkinsea
4bda11dd029c37b90c3aff8d2d3ba575736c72c2;size=97	0.9537	0.9537	0.9836	0.9836	Eukaryota;SAR;Alveolata;Perkinsea
9a763cb0214d1108ee05c581c4eb15d58fb3ac2f;size=12	0.9814	0.9815	0.9815	0.9816	Eukaryota;SAR;Alveolata;Perkinsea
1671bf7afa305062f1ae65e8f8a14d0da4bdb4e8;size=20	0.7906	0.7967	0.7906	0.7967	Eukaryota;SAR;Alveolata;Perkinsea;Perkinsidae
51d39505110e79845841d5bee8b80c7f03e1971f;size=18	0.6251	0.6283	0.6251	0.6284	Eukaryota;SAR;Alveolata;Perkinsea;Perkinsidae
3fd4ad7af760d4b30d7db52472c1be6480bf292f;size=39	0.9646	0.9691	0.9784	0.9829	Eukaryota;SAR;Alveolata;Perkinsea
20ed71afb15df3d1a2c60b4de9c6d2d5c0993e61;size=258	0.892	0.8991	0.9506	0.9582	Eukaryota;SAR;Alveolata;Perkinsea
da9be595fb3f7803ee220261ca7f5bd9be45a720;size=19	0.9845	0.9854	0.9859	0.9868	Eukaryota;SAR;Alveolata;Perkinsea
a657733bb06633982e037f702ca24ff5855bfd85;size=55	0.4832	0.4881	0.4833	0.4881	Eukaryota;SAR;Alveolata;Perkinsea;Perkinsidae
8ddccea4467c1bfc6bfd4b9e0fb120067faf3287;size=17	0.939	0.9422	0.9636	0.9669	Eukaryota;SAR;Alveolata;Perkinsea
95809f485c4338368f6e9d0ea2753b943a0260c0;size=74	0.9048	0.9048	0.9869	0.9869	Eukaryota;SAR;Alveolata;Perkinsea
d032d267b37e3b6572e9a40362151fbff1cc08a9;size=36	0.983	0.983	0.9831	0.9831	Eukaryota;SAR;Alveolata;Perkinsea
8cb41f8d4be742ee5dfd7a609ca3e16fca88587f;size=33	0.9584	0.9594	0.9608	0.9618	Eukaryota;SAR;Alveolata;Perkinsea
be53f85ca28429b3aed6c77f7e0b86b1d6e82596;size=16	0.6927	0.6927	0.9791	0.9791	Eukaryota;SAR;Alveolata;Perkinsea
9b880e5c543429c9efa8c64c91aeb7edad3455bb;size=971	0.779	0.779	0.9476	0.9476	Eukaryota;SAR;Alveolata;Perkinsea
cbb17d7e7bf24eb647f7569378bfc9e0cda2d028;size=10	0.4638	0.4638	0.9229	0.9229	Eukaryota;SAR;Alveolata;Perkinsea
0ee5cb137c3a8cc22f8b1aebebc2461687d3497d;size=539	0.7086	0.7086	0.9603	0.9603	Eukaryota;SAR;Alveolata;Perkinsea
aa53253d6965f223c389151bc228c1c5e70bb9a1;size=23	0.4661	0.4661	0.7034	0.7034	Eukaryota;SAR;Alveolata;Perkinsea;Perkinsidae
243d02dbecd0c8e3997c46f336e67fde43ee8ab3;size=11	0.8605	0.8605	0.9768	0.9768	Eukaryota;SAR;Alveolata;Perkinsea
1ac1af173a27042d091863658e45307b6137fbce;size=237	0.8621	0.8705	0.9404	0.9496	Eukaryota;SAR;Alveolata;Perkinsea
e1d33bed3cbcf1251767a03ff9fde6cab60e5768;size=100	0.6873	0.6873	0.9443	0.9443	Eukaryota;SAR;Alveolata;Perkinsea
c981629f0ca3a5fa4901947c96c4177b9b3c5af9;size=60	0.8431	0.8931	0.931	0.9861	Eukaryota;SAR;Alveolata;Perkinsea
3a96a1cb13f1b3d96a0f89b9169fbee3bd6cb5af;size=137	0.8688	0.8688	0.9463	0.9463	Eukaryota;SAR;Alveolata;Perkinsea
2f819d4e09db76cfc2f7fed67c15a2548c9b4849;size=24	0.3824	0.3824	0.5451	0.5451	Eukaryota;SAR;Alveolata;Perkinsea;Perkinsidae
024333252de1e149800942222080eaeedf29cbcd;size=13	0.837	0.9163	0.8936	0.9782	Eukaryota;SAR;Alveolata;Perkinsea
ff0e399135473cd6d8e0539c9b38bb1900b02d36;size=1520	0.6911	0.9177	0.7232	0.9602	Eukaryota;SAR;Alveolata;Perkinsea
2b0381e43a264fdbf82f21db19a7a36ce45eeec1;size=48	0.8075	0.8659	0.9019	0.9672	Eukaryota;SAR;Alveolata;Perkinsea
32060cf92e16ab842d712deba3a6e27ce33f74b6;size=178	0.7142	0.721	0.9865	0.9959	Eukaryota;SAR;Alveolata;Perkinsea
f5e299e75df9170c30f777ac4003a24f17093c32;size=48	0.829	0.8942	0.8523	0.9192	Eukaryota;SAR;Alveolata;Perkinsea
98cdfb5207269e30619c8ca68ce86573c02c5d89;size=10	0.7925	0.8275	0.936	0.9773	Eukaryota;SAR;Alveolata;Perkinsea
72178153807f76d0c1a8d6df15e73481483d2ca4;size=10	0.9211	0.9532	0.9406	0.9734	Eukaryota;SAR;Alveolata;Perkinsea
cb361c2ebfe48d1eaa465e476bf789fb8b60062c;size=46	0.9162	0.9654	0.9292	0.9791	Eukaryota;SAR;Alveolata;Perkinsea
b2de1e365935ab448211ad32e0637a6e87333cb4;size=123	0.9708	0.9708	0.971	0.971	Eukaryota;SAR;Alveolata;Perkinsea;Parviluciferaceae
f72f9ecd9e2dc42ea6d30619451dd88e9e54d178;size=156	0.6722	0.6915	0.7141	0.7347	Eukaryota;SAR;Alveolata;Perkinsea;Parviluciferaceae
53d9da53915f3d1cb401eb6ee4206baed615fee1;size=23	0.4877	0.4886	0.4877	0.4886	Eukaryota;SAR;Alveolata;Perkinsea;Parviluciferaceae;Dinovorax pyriformis
00baf987afa67dd2cbf1617c3a5bd6c15b91683c;size=211	0.8684	0.8703	0.9446	0.9467	Eukaryota;SAR;Alveolata;Perkinsea;Parviluciferaceae
ab06bd3c13fa01058fee706abec51d5a1715ca5a;size=78	0.8895	0.8986	0.9738	0.9838	Eukaryota;SAR;Alveolata;Perkinsea;Parviluciferaceae
9457f6083911381cbb4d41d5a6ff2e0105c0aab4;size=167	0.9668	0.9671	0.9803	0.9806	Eukaryota;SAR;Alveolata;Perkinsea;Parviluciferaceae
b9377dec7f19f0f38fcf9432307467ff8640563e;size=39	0.5699	0.5754	0.5699	0.5754	Eukaryota;SAR;Alveolata;Perkinsea;Parviluciferaceae
e9c3201ca357c83c10b72744fa086da977b47ad9;size=147	0.4801	0.4854	0.4909	0.4963	Eukaryota;SAR;Alveolata;Perkinsea;Parviluciferaceae
06bf20362abae219d949ff93866606a99cb43433;size=69	0.9312	0.9317	0.9488	0.9493	Eukaryota;SAR;Alveolata;Perkinsea;Parviluciferaceae
1857d25d3ac788902b27534c72a5111b66e00345;size=18	0.8948	0.9106	0.9401	0.9566	Eukaryota;SAR;Alveolata;Perkinsea;Parviluciferaceae
9cb32275405ab7067ca0f7d3acc4c7f3e93b2d22;size=109	0.5502	0.553	0.5502	0.553	Eukaryota;SAR;Alveolata;Perkinsea;Parviluciferaceae;Dinovorax pyriformis
9c1c0f1d1bbfa6245517aedcdf642a68f2a292c5;size=297	0.9119	0.9311	0.9119	0.9311	Eukaryota;SAR;Alveolata;Perkinsea;Parviluciferaceae
84c4f69133ec3389c98d1ba1432ba09f437d27de;size=30	0.6276	0.6701	0.6277	0.6702	Eukaryota;SAR;Alveolata;Perkinsea;Parviluciferaceae
8ded601093f7e4513090b829e8286d5f1a2580d6;size=86	0.8783	0.88	0.9385	0.9402	Eukaryota;SAR;Alveolata;Perkinsea;Parviluciferaceae
2368709f89b01022f959a26cf06b6af4c22099e3;size=14	0.9175	0.9193	0.9441	0.946	Eukaryota;SAR;Alveolata;Perkinsea;Parviluciferaceae
410770c220b5b25b570a17f9e0851a84cd7ff2a5;size=46	0.8722	0.8747	0.9557	0.9584	Eukaryota;SAR;Alveolata;Perkinsea;Parviluciferaceae
e17bba4b81ff47a97bef91ad63f8066956b9d6c6;size=18	0.8923	0.8923	0.9105	0.9106	Eukaryota;SAR;Alveolata;Perkinsea;Parviluciferaceae
287d4b48876b61cfe73d3b7e2623459d0da4c243;size=31	0.8398	0.8621	0.9025	0.9265	Eukaryota;SAR;Alveolata;Perkinsea;Parviluciferaceae
aeec015be2a3d2e01bf452b4b9f9e66e48887750;size=23	0.9235	0.9263	0.9541	0.957	Eukaryota;SAR;Alveolata;Perkinsea;Parviluciferaceae
2ecfe82dbd027b188c0c626d232a70bfcd5cba9b;size=36	0.9366	0.9428	0.9493	0.9555	Eukaryota;SAR;Alveolata;Perkinsea;Parviluciferaceae
ca0696bca8ab6e2d40f77ffb635a3ad6ba139453;size=419	0.7991	0.8063	0.9748	0.9835	Eukaryota;SAR;Alveolata;Perkinsea;Parviluciferaceae
eb7c956e117000d6606e9b1e85c2e576449bc524;size=67	0.7094	0.7178	0.7248	0.7334	Eukaryota;SAR;Alveolata;Perkinsea;Parviluciferaceae
00b9298e7c634ddb67af2f25b4ac431a76ac9a2a;size=1510	0.9363	0.9398	0.9808	0.9844	Eukaryota;SAR;Alveolata;Perkinsea;Parviluciferaceae
1b9c274b77803728ab64358a2c7ca395aa559c57;size=29	0.9557	0.9558	0.965	0.9651	Eukaryota;SAR;Alveolata;Perkinsea;Parviluciferaceae
79c25903ea97cc2c06bcbbf352ca61174582e271;size=278	0.8827	0.8913	0.9623	0.9717	Eukaryota;SAR;Alveolata;Perkinsea;Parviluciferaceae
f015b9faafd497638881c35ccd8f3a9eacd483ad;size=12	0.9004	0.9017	0.9365	0.9377	Eukaryota;SAR;Alveolata;Perkinsea;Parviluciferaceae
3c7e6c2c695228f40d99697d45562a84a42e60e3;size=13	0.9589	0.965	0.9703	0.9765	Eukaryota;SAR;Alveolata;Perkinsea;Parviluciferaceae
7aff52bda04d958932112fe5e4d79bde04002058;size=530	0.5182	0.5192	0.9259	0.9277	Eukaryota;SAR;Alveolata;Perkinsea;Parviluciferaceae
d6499d549999b7340234111abc271026f806a888;size=51	0.9252	0.9278	0.9578	0.9605	Eukaryota;SAR;Alveolata;Perkinsea;Parviluciferaceae
c7327bac0aed5c5c3767fb3916d514e0b079deb4;size=774	0.9165	0.9309	0.9656	0.9807	Eukaryota;SAR;Alveolata;Perkinsea;Parviluciferaceae
297e081b77377b70c9a4bc0864966cc85b7ec619;size=42	0.8745	0.8826	0.979	0.9881	Eukaryota;SAR;Alveolata;Perkinsea;Parviluciferaceae
e77a6e76b6a10cd1ace5169df9e926e1b4cbf84f;size=624	0.5262	0.5275	0.6237	0.6252	Eukaryota;SAR;Alveolata;Perkinsea;Parviluciferaceae
39d51a5090cc1bb6b01babed86ced7233c9dfee4;size=12	0.5921	0.5979	0.613	0.619	Eukaryota;SAR;Alveolata;Perkinsea;Parviluciferaceae
3c3d4dde7c380a69766095478e199065c81a88b6;size=39	0.5516	0.5525	0.5516	0.5525	Eukaryota;SAR;Alveolata;Perkinsea;Parviluciferaceae;Dinovorax pyriformis
ad26d2f4f87e2ab701bbe1e9a28042bcd05dfe24;size=50	0.8747	0.8835	0.983	0.9929	Eukaryota;SAR;Alveolata;Perkinsea
0d1eb023f0bd6176fd82858d52cf7d3684f4e062;size=15	0.8363	0.8384	0.9847	0.9871	Eukaryota;SAR;Alveolata;Perkinsea;Parviluciferaceae
52f3e694288368f048e3713f45794fe0af8d20c2;size=45	0.8729	0.8809	0.9665	0.9754	Eukaryota;SAR;Alveolata;Perkinsea;Parviluciferaceae
208a1eaad7d16c0cabe20b1abe722c3ad033b006;size=127	0.663	0.721	0.6892	0.7495	Eukaryota;SAR;Alveolata;Perkinsea;Parviluciferaceae
f1a772dbab97422626f8b03a2b13adca1ffdd293;size=21	0.9935	0.9937	0.9935	0.9937	Eukaryota;SAR;Alveolata;Perkinsea
a421c7ecde05d8efa72167a3d3edf21d5e3d2900;size=248	0.7746	0.7774	0.9881	0.9917	Eukaryota;SAR;Alveolata;Perkinsea
03ea2d6c73d0a1b3bfccfdee3deb2479a84340c2;size=29	0.8821	0.8874	0.9745	0.9803	Eukaryota;SAR;Alveolata;Perkinsea
d675ab59669896a4097453b98c604c8b3c15b693;size=3248	0.9044	0.905	0.9044	0.905	Eukaryota;SAR;Alveolata;Perkinsea;Parviluciferaceae;Dinovorax pyriformis
78c09c4859982bdb60a19b740b4ae7ed1ea465b3;size=12	0.9665	0.975	0.9665	0.975	Eukaryota;SAR;Alveolata;Perkinsea;Parviluciferaceae
168661fe693ed693f429dffc46981abaaa52b980;size=18	0.9064	0.9082	0.9587	0.9606	Eukaryota;SAR;Alveolata;Perkinsea;Parviluciferaceae
1bf568e177674c83a1f7366dea63d2a81a610cb8;size=168	0.9344	0.9404	0.9639	0.9701	Eukaryota;SAR;Alveolata;Perkinsea;Parviluciferaceae
21a39d728dbe2e41e905067da96bcafc9e46a144;size=26	0.8917	0.9077	0.8933	0.9092	Eukaryota;SAR;Alveolata;Perkinsea;Parviluciferaceae
2b043b0769daa9443de5b8e5107d2347aa22115a;size=11	0.8508	0.8539	0.9854	0.989	Eukaryota;SAR;Alveolata;Perkinsea
ac7c4a99b81e6fa5ec92d32f07c3eed54589e6f4;size=21	0.8943	0.9037	0.936	0.9457	Eukaryota;SAR;Alveolata;Perkinsea;Parviluciferaceae
77d4605c234d274c9e5e0d71f991d6706df7db80;size=12	0.7179	0.7284	0.9787	0.993	Eukaryota;SAR;Alveolata;Perkinsea
0a0fc75ce8e10af3ead317891185acbbb84601f5;size=36	0.9612	0.9612	0.9927	0.9927	Eukaryota;SAR;Alveolata;Perkinsea;Parviluciferaceae
cf9a824c654872315ce86c470ab7fe55b7a984ef;size=59	0.8344	0.8491	0.9588	0.9757	Eukaryota;SAR;Alveolata;Perkinsea
7c4a62dfd51083a5efb8e9cae4fd4cec753ef3b2;size=18	0.6021	0.6028	0.6022	0.6028	Eukaryota;SAR;Alveolata;Perkinsea;Parviluciferaceae
0a9f45b970909c5339317a4cacf4c67b9d7a01b8;size=88	0.8005	0.814	0.8383	0.8524	Eukaryota;SAR;Alveolata;Perkinsea;Parviluciferaceae
f37406318137629cd045009582c54fd00ae510b8;size=284	0.5531	0.5632	0.9386	0.9559	Eukaryota;SAR;Alveolata;Perkinsea
143819e40b62b1af91079f68133503f0b3d18c03;size=29	0.8896	0.9097	0.9165	0.9371	Eukaryota;SAR;Alveolata;Perkinsea;Parviluciferaceae
a0a08a979156542608979a897d3ec09f9c0292f7;size=66	0.8427	0.8482	0.9757	0.9819	Eukaryota;SAR;Alveolata;Perkinsea;Parviluciferaceae
b5bdb2948e62b662d52047dc7ca1f3269d16a106;size=21	0.8743	0.8789	0.9525	0.9575	Eukaryota;SAR;Alveolata;Perkinsea;Parviluciferaceae
ccba5b38826f59feb80453c5428dd16197219c25;size=13	0.8564	0.8589	0.9533	0.9561	Eukaryota;SAR;Alveolata;Perkinsea;Parviluciferaceae
327544a901cb20000b0775ae21808f2c7c01bc15;size=28	0.8618	0.8626	0.9231	0.924	Eukaryota;SAR;Alveolata;Perkinsea;Parviluciferaceae
3a9590b154b84a706b9a65d2e7e1fd26d6e02ebc;size=31	0.9279	0.9373	0.9535	0.9631	Eukaryota;SAR;Alveolata;Perkinsea;Parviluciferaceae
1f1bcadbb5e48526948b680878139041f6c295e5;size=10	0.9115	0.9154	0.9645	0.9686	Eukaryota;SAR;Alveolata;Perkinsea;Parviluciferaceae
82fb3b2b24e42f4e9ea62e59cf5a0a9a1e785ae3;size=63	0.8303	0.8307	0.9652	0.9656	Eukaryota;SAR;Alveolata;Perkinsea;Parviluciferaceae
8536d5aad345c8c3711c7b1384ebee3b8283158c;size=14	0.9078	0.9187	0.9337	0.9449	Eukaryota;SAR;Alveolata;Perkinsea;Parviluciferaceae
3107d9da5be775b4e2c18eaa8b677e26871a4bd6;size=25	0.7833	0.7862	0.7833	0.7862	Eukaryota;SAR;Alveolata;Perkinsea;Parviluciferaceae;Dinovorax pyriformis
97e4a78ff57aa8347da5806cc8036e1b19cdc94c;size=15	0.5463	0.5465	0.5463	0.5465	Eukaryota;SAR;Alveolata;Perkinsea;Parviluciferaceae;Dinovorax pyriformis
159766c7f09be197d9b9bd704a60f8f06714efca;size=31	0.9313	0.9328	0.9727	0.9743	Eukaryota;SAR;Alveolata;Perkinsea;Parviluciferaceae
0cf509ba6bf5924cf3c1e8a4d43f3f232408df59;size=43	0.9158	0.9165	0.9656	0.9664	Eukaryota;SAR;Alveolata;Perkinsea;Parviluciferaceae
dca52db9b28cccaf688bf498bdba0d63d310df25;size=18	0.875	0.8899	0.9383	0.9543	Eukaryota;SAR;Alveolata;Perkinsea;Parviluciferaceae
78a3f186c904784711b06ce289f2a35ea5a30e65;size=28	0.9557	0.9616	0.9636	0.9695	Eukaryota;SAR;Alveolata;Perkinsea;Parviluciferaceae
86d5615ee48704ef8a61ec07417bc21bcd8ff199;size=21	0.9028	0.9097	0.9664	0.9738	Eukaryota;SAR;Alveolata;Perkinsea;Parviluciferaceae
82d30933fbd5ecff0efe47ccffe10a8e96193c31;size=23	0.9489	0.9499	0.9585	0.9595	Eukaryota;SAR;Alveolata;Perkinsea;Parviluciferaceae
a008cd09d0fd436c905b1e2bf674ce20982718ba;size=46	0.8423	0.8429	0.8423	0.8429	Eukaryota;SAR;Alveolata;Perkinsea;Parviluciferaceae
77c6a383a001b1514f21665804674e337f5d79e7;size=22	0.4502	0.4589	0.4651	0.474	Eukaryota;SAR;Alveolata;Perkinsea;Parviluciferaceae
ce45b0f03566ecf752f5d2ca49f0a2cd271c032c;size=47	0.9745	0.9756	0.9745	0.9757	Eukaryota;SAR;Alveolata;Perkinsea;Parviluciferaceae
47db807626508ff4fe8fd8553cd7898341401b88;size=12	0.6584	0.6591	0.6584	0.6591	Eukaryota;SAR;Alveolata;Perkinsea;Parviluciferaceae
dc72a0465e01f7079e89342f2f0d06a1537b289b;size=301	0.9245	0.9256	0.9868	0.988	Eukaryota;SAR;Alveolata;Perkinsea
31be00a602e9fef24ff5cdc7c802607e4f1df9b3;size=19	0.7663	0.7758	0.7696	0.7791	Eukaryota;SAR;Alveolata;Perkinsea;Parviluciferaceae
145167be075c058e624879b7d8486979d2b4043b;size=20	0.9222	0.9242	0.9686	0.9707	Eukaryota;SAR;Alveolata;Perkinsea;Parviluciferaceae
1ffa8662c6b257457995deb03343e91f00a44444;size=38	0.6144	0.6566	0.631	0.6744	Eukaryota;SAR;Alveolata;Perkinsea;Parviluciferaceae
f1c9c3bdb8022fc11bfd6459f7cab5f76b7c123d;size=27	0.8222	0.8358	0.841	0.855	Eukaryota;SAR;Alveolata;Perkinsea;Parviluciferaceae
d3f0cd38cc4383469d61f365dfcf9f233e0d1041;size=111	0.8876	0.9119	0.8876	0.9119	Eukaryota;SAR;Alveolata;Perkinsea;Parviluciferaceae
e1ed47bbb7b167154e5b4a829094b6196f29e32c;size=389	0.8524	0.8749	0.9158	0.9401	Eukaryota;SAR;Alveolata;Perkinsea;Parviluciferaceae
4255be5a64a107b7d8bdf46ec48c57c9e8ebd418;size=47	0.6779	0.6847	0.9679	0.9775	Eukaryota;SAR;Alveolata;Perkinsea
83f9513c95ade4c31a142c2580e3e831bffdb0d3;size=21	0.8263	0.8275	0.9848	0.9862	Eukaryota;SAR;Alveolata;Perkinsea
8624050b8fb069d6191706ab327e11769d26d559;size=102	0.8069	0.8096	0.9585	0.9616	Eukaryota;SAR;Alveolata;Perkinsea;Parviluciferaceae
a11a79621c61033f93c4598a1991531e88b0d6b7;size=424	0.8246	0.8275	0.9631	0.9664	Eukaryota;SAR;Alveolata;Perkinsea
c80f08b6fd93cbfe3d60a66a4ad56e56626fa743;size=38	0.9241	0.9276	0.9507	0.9543	Eukaryota;SAR;Alveolata;Perkinsea;Parviluciferaceae
8d5e454940a7029783104a73111ec6abe9a4a524;size=230	0.9614	0.9617	0.9766	0.977	Eukaryota;SAR;Alveolata;Perkinsea;Parviluciferaceae
9256bd8a5a1ea3a38280d9937769310b0ed8279f;size=405	0.8521	0.8639	0.9038	0.9164	Eukaryota;SAR;Alveolata;Perkinsea;Parviluciferaceae
17af1e85ade4b73a9f1544ad7ea16f1cadf4a5ee;size=35	0.5379	0.5382	0.9879	0.9885	Eukaryota;SAR;Alveolata;Perkinsea
cb74a7e33991cdcac14a4e8afda963c693759279;size=98	0.9192	0.9216	0.9192	0.9216	Eukaryota;SAR;Alveolata;Perkinsea;Parviluciferaceae
aa8e7e45ecf679ed0f74fd042aa06eff55408a60;size=15	0.7876	0.8053	0.8201	0.8385	Eukaryota;SAR;Alveolata;Perkinsea;Parviluciferaceae
70ac9367b4b4282f1da9d5ecf67fc5e9ff499e32;size=726	0.9426	0.948	0.9474	0.9529	Eukaryota;SAR;Alveolata;Perkinsea;Parviluciferaceae
8b9dc2234227fe2c6ae5ca8d58d8fd57e71571b5;size=23	0.7509	0.7626	0.9437	0.9584	Eukaryota;SAR;Alveolata;Perkinsea;Parviluciferaceae
d8d81c4d025e8b5a2dd26d68f0fa21fd7df7b5e7;size=21	0.8548	0.9011	0.8817	0.9295	Eukaryota;SAR;Alveolata;Perkinsea;Parviluciferaceae
03bbcb0eb988d5fec39bd315f6f526f4d743fd57;size=31	0.9707	0.9728	0.9922	0.9944	Eukaryota;SAR;Alveolata;Perkinsea
1f11b196aeb33dbb73f9dc02bb3154aee9333297;size=74	0.777	0.7803	0.777	0.7803	Eukaryota;SAR;Alveolata;Perkinsea;Parviluciferaceae;Dinovorax pyriformis
718ae67420b68a302e4b70bdf5d3718ee9c16ef7;size=143	0.9035	0.9051	0.9612	0.9629	Eukaryota;SAR;Alveolata;Perkinsea;Parviluciferaceae
e18909368671ce955dc886879f07429356395b4a;size=823	0.9257	0.9282	0.9576	0.9602	Eukaryota;SAR;Alveolata;Perkinsea;Parviluciferaceae
85a435805502ed223a9e77d8611f6beb7ce972c8;size=122	0.9908	0.9963	0.9909	0.9964	Eukaryota;SAR;Alveolata;Perkinsea
dcae458a30f311145a441ad4ef9beeed75f95da1;size=42	0.5766	0.5833	0.9534	0.9644	Eukaryota;SAR;Alveolata;Perkinsea
ca0965d7ae614886315df950270a34dfb3fc9329;size=15	0.6948	0.723	0.7947	0.827	Eukaryota;SAR;Alveolata;Perkinsea;Parviluciferaceae
5e7b505d467308c0e974531175955b4878e03dca;size=40	0.878	0.8787	0.9884	0.9893	Eukaryota;SAR;Alveolata;Perkinsea
9b8bb9dfafe0bb0ce88ec99647dac021ac4693e3;size=36	0.6598	0.6677	0.9458	0.9572	Eukaryota;SAR;Alveolata;Perkinsea
b67786565c1bde27e4e388794c10d913434c5f66;size=35	0.9362	0.9366	0.9851	0.9855	Eukaryota;SAR;Alveolata;Perkinsea
72e5e959b49923a9914e8cebc92e4cde37c6bf79;size=14	0.9779	0.9875	0.9779	0.9875	Eukaryota;SAR;Alveolata;Perkinsea;Parviluciferaceae
5fdd4ee9dfc95b1a413cdc69b1d431bb501b8c2c;size=72	0.7701	0.7816	0.9698	0.9842	Eukaryota;SAR;Alveolata;Perkinsea
bf857de76369368cdaf548eb6a77265b9f95da8b;size=230	0.923	0.9438	0.9231	0.9438	Eukaryota;SAR;Alveolata;Perkinsea;Parviluciferaceae
14cbe79ddf130849d505366ec6d4de88b1c1c9b9;size=15	0.748	0.7516	0.8004	0.8042	Eukaryota;SAR;Alveolata;Perkinsea;Parviluciferaceae
f383da97909e1258e6043a78cbfeda0409334bcb;size=166	0.7671	0.7683	0.9621	0.9636	Eukaryota;SAR;Alveolata;Perkinsea
c3bbe3fc8a3f018398203742b759c82ec4455be7;size=20	0.9255	0.9282	0.9501	0.9529	Eukaryota;SAR;Alveolata;Perkinsea;Parviluciferaceae
02f113c728ab2a577c2314a1e5f757a7b49aff84;size=81	0.6437	0.6441	0.6437	0.6441	Eukaryota;SAR;Alveolata;Perkinsea;Parviluciferaceae
5a8219aaa3f77e29091eedc7107f7ce7824f5c28;size=12	0.9228	0.9277	0.9349	0.94	Eukaryota;SAR;Alveolata;Perkinsea;Parviluciferaceae
2a25802b61a8c9d9fdaece8e9c625caa03f8f41a;size=49	0.944	0.9467	0.9527	0.9555	Eukaryota;SAR;Alveolata;Perkinsea;Parviluciferaceae
57dc2bd9562c9a2c6393d76568a5e107f8081ea8;size=19	0.4577	0.4593	0.9819	0.9855	Eukaryota;SAR;Alveolata;Perkinsea
d09427738a5c9b7f7f01e7331caef92c4cf0a601;size=45	0.7581	0.7639	0.7614	0.7672	Eukaryota;SAR;Alveolata;Perkinsea;Parviluciferaceae
209787ddca2df1272c3806cad96f17121bc1a747;size=12	0.9023	0.9076	0.9032	0.9086	Eukaryota;SAR;Alveolata;Perkinsea;Parviluciferaceae
abe695fbfb16debca8f457abfa6fb9b8a39f1e08;size=58	0.8284	0.8456	0.9644	0.9844	Eukaryota;SAR;Alveolata;Perkinsea;Parviluciferaceae
511329055507afd80a3d2f36c8164e689d84d275;size=26	0.7083	0.7091	0.7083	0.7091	Eukaryota;SAR;Alveolata;Perkinsea;Parviluciferaceae
f97cd8b7ef9b128ada99772d2f8565ec8bc51128;size=44	0.9409	0.9415	0.9697	0.9703	Eukaryota;SAR;Alveolata;Perkinsea;Parviluciferaceae
7160ddb46d88f940f30b56df4b3596d03bf9345e;size=225	0.9373	0.9448	0.9676	0.9752	Eukaryota;SAR;Alveolata;Perkinsea
84da2c22d92df0d7c97980b0e328ad5d2581d743;size=12	0.7916	0.7958	0.9624	0.9675	Eukaryota;SAR;Alveolata;Perkinsea
ea86acec6e81392585936a673fd4dcbfc4a8a147;size=91	0.5394	0.5529	0.935	0.9584	Eukaryota;SAR;Alveolata;Perkinsea
9ddc8df6ee6b04528d4dab40978aedc85bf54be4;size=19	0.5692	0.5772	0.9568	0.9704	Eukaryota;SAR;Alveolata;Perkinsea
21391fe96a76d7f60c9cd58f4c1fba11c9282d9c;size=113	0.7281	0.7304	0.9957	0.9987	Eukaryota;SAR;Alveolata;Perkinsea
5b0bc3a43f7994598c209be6b4a0be2293cdd1fe;size=24	0.8067	0.8087	0.9576	0.96	Eukaryota;SAR;Alveolata;Perkinsea
bb47ab23a514336ea99e8853316dd2c9ca802a30;size=494	0.9033	0.9483	0.9373	0.984	Eukaryota;SAR;Alveolata;Perkinsea
eb7c9457129d865d2bf5147162c160dcf3f0e58e;size=23	0.7366	0.7496	0.9607	0.9776	Eukaryota;SAR;Alveolata;Perkinsea
233188ec559e916ddc126e8555a7c819669d8509;size=17	0.8741	0.8828	0.8741	0.8828	Eukaryota;SAR;Alveolata;Perkinsea;PERK04;Marine environmental sequence
ca35c6a4fde6e0b60de4dfff37278c4d460c64d7;size=1630	0.9583	0.9678	0.9583	0.9678	Eukaryota;SAR;Alveolata;Perkinsea;PERK04;Marine environmental sequence
d4e6ab1430e32593362fb89656986ee33fd700ff;size=13	0.9681	0.9726	0.9735	0.978	Eukaryota;SAR;Alveolata;Perkinsea
11815dfd2b5c8654f552aa52ed1040ee63259902;size=84	0.9192	0.9231	0.9194	0.9233	Eukaryota;SAR;Alveolata;Perkinsea
7901e578478a97e38ebbab92918d1ca281cff768;size=27	0.9625	0.9625	0.9873	0.9873	Eukaryota;SAR;Alveolata;Perkinsea;NAG01
2d3c9c7d9f729d2fe1c3f88eaa80b3fc185db905;size=3198	0.9418	0.9467	0.9418	0.9467	Eukaryota;SAR;Alveolata;Perkinsea;NAG01;Freshwater environmental sequence
35df8dcabfca2efb2dc547230f11a1467aa174af;size=24	0.71	0.7112	0.71	0.7113	Eukaryota;SAR;Alveolata;Perkinsea;NAG01
e4bc52ebf7ef273d234faeaa24a88bb411cd21a6;size=72	0.8137	0.8532	0.9075	0.9516	Eukaryota;SAR;Alveolata;Perkinsea;NAG01
b18d79e063617485b394f65fc70855e8fa0bd9af;size=98	0.71	0.7109	0.8565	0.8576	Eukaryota;SAR;Alveolata;Perkinsea;NAG01
b8ad193dc80b1218af10410b2531d994bddfc216;size=282	0.9673	0.9755	0.9673	0.9755	Eukaryota;SAR;Alveolata;Perkinsea;NAG01
f12ef025a9bafb5f4918f956e4f711a98950b5b4;size=28	0.5392	0.5401	0.9324	0.9339	Eukaryota;SAR;Alveolata;Perkinsea
98f16c879bf2946f91cd4c5686642e24bdb86ee3;size=11	0.8631	0.8644	0.9516	0.9531	Eukaryota;SAR;Alveolata;Perkinsea
a2820f2924165fb9bcffce4b1325c4c035aecc93;size=11	0.7265	0.7371	0.7265	0.7371	Eukaryota;SAR;Alveolata;Perkinsea;PERK01;Freshwater environmental sequence
ae700261183299782b68cb6c49a3b8db8cb4cc1e;size=12284	0.7268	0.7284	0.9618	0.9638	Eukaryota;SAR;Alveolata;Perkinsea;PERK01
ee1feb8bcf56fcda0911664916c8f3bef92d8772;size=13	0.8169	0.8251	0.8169	0.8251	Eukaryota;SAR;Alveolata;Perkinsea;PERK01;Freshwater environmental sequence
8d3397eaaab437d4a98f323b0d2d626b10130c58;size=286	0.7944	0.8127	0.9623	0.9845	Eukaryota;SAR;Alveolata;Perkinsea
c7e211b87c72d0d91ad039bffab64de273995ae6;size=15	0.9343	0.9343	0.9343	0.9343	Eukaryota;SAR;Alveolata;Perkinsea;PERK01;Freshwater environmental sequence
3c579b6aa500cc52a1a5376e9619bafc27402d22;size=21	0.5713	0.5764	0.5713	0.5764	Eukaryota;SAR;Alveolata;Perkinsea;PERK01;Freshwater environmental sequence
1c0c059bb7e472b76d52f3c87315fc1289ebc2b7;size=10	0.7758	0.7788	0.9629	0.9668	Eukaryota;SAR;Alveolata;Perkinsea;PERK01
700a7c681d251ee6ab12cbac6732258d148f2aec;size=33	0.8259	0.8715	0.9352	0.9868	Eukaryota;SAR;Alveolata;Perkinsea
d15e8f007283f67b07e2e0b087139133fa47bb37;size=10	0.7826	0.8023	0.9695	0.9938	Eukaryota;SAR;Alveolata;Perkinsea
d1aa2a454c02e0d54b53fd26274f45cd06621e7f;size=29	0.9133	0.9249	0.9197	0.9314	Eukaryota;SAR;Alveolata;Perkinsea;PERK02
f5e22f2fc300ba54acf73613549cc4c73015e8d5;size=28	0.9065	0.932	0.9065	0.932	Eukaryota;SAR;Alveolata;Perkinsea;PERK02
e9a832059ad6b875b9f2b12af92767610c9e0453;size=882	0.9391	0.9448	0.9392	0.9449	Eukaryota;SAR;Alveolata;Perkinsea;PERK02
55287a366b5a34bc615154c0805b2ffa3596d1cc;size=36	0.9445	0.9517	0.9446	0.9518	Eukaryota;SAR;Alveolata;Perkinsea;PERK02
d484da5b2802c6d4588dfd0bf7520d82d2279e93;size=694	0.8538	0.8547	0.9494	0.9504	Eukaryota;SAR;Alveolata;Perkinsea;PERK02
c2776454c75cd29667467c94f9163729a15da28c;size=16	0.9907	0.9907	0.9907	0.9907	Eukaryota;SAR;Alveolata;Perkinsea;PERK02
3f00f20c50db20b7e06f3e75a0fbe1a28c28d092;size=16	0.9842	0.9858	0.9842	0.9858	Eukaryota;SAR;Alveolata;Perkinsea;PERK02
004a36f8c51bc6347ac32c840195fb799bb9e743;size=23	0.9222	0.9229	0.9709	0.9716	Eukaryota;SAR;Alveolata;Perkinsea;PERK02
7661f1ab87e4ffa8a00480adba9267fceb90b243;size=13	0.9633	0.9633	0.9633	0.9633	Eukaryota;SAR;Alveolata;Perkinsea;PERK02
456390e3b1cfba783865cc8a2784746da3e1ace6;size=16	0.9679	0.9682	0.9679	0.9682	Eukaryota;SAR;Alveolata;Perkinsea;PERK02
03fa9216b4b00dc9ee4a63cec59717162816e8cd;size=117	0.9678	0.968	0.9678	0.968	Eukaryota;SAR;Alveolata;Perkinsea;PERK02
bc3b115a452bb97e7ad3f0f8763f3b4116f68a21;size=18	0.9702	0.9703	0.9702	0.9703	Eukaryota;SAR;Alveolata;Perkinsea;PERK02
d58488c0930df0672bb13218514a148926803102;size=37	0.9724	0.9724	0.9724	0.9724	Eukaryota;SAR;Alveolata;Perkinsea;PERK02
f289f695c54a40c424438a76d9bad86f5694ece6;size=55	0.9535	0.9535	0.9535	0.9535	Eukaryota;SAR;Alveolata;Perkinsea;PERK02
8662c431bcebcaca7f8a4efc28ff1aaa2a5157b1;size=10	0.962	0.962	0.962	0.962	Eukaryota;SAR;Alveolata;Perkinsea;PERK02
91243faa3100e752f0ecb02e0800b9227a8bb5a6;size=480	0.4427	0.4459	0.9173	0.9239	Eukaryota;SAR;Alveolata;Perkinsea
eb55f88d6839582d86488e7d038b61d5abf6e72a;size=61	0.8203	0.8203	0.9503	0.9503	Eukaryota;SAR;Alveolata;Perkinsea
3c9dac6161d0749730038294e96f384c2645d6c0;size=31	0.919	0.919	0.9561	0.9561	Eukaryota;SAR;Alveolata;Perkinsea
c4639843e947448f56d9018ab30b4423bd9f336b;size=15	0.9476	0.9476	0.9722	0.9722	Eukaryota;SAR;Alveolata;Perkinsea
d9a818779d6d5f61884294cb932e14f530853e0e;size=90	0.5059	0.5059	0.5059	0.5059	Eukaryota;SAR;Alveolata;Perkinsea;Perkinsidae
ecd22ead4b02fb1264edb6e8dc0200443005e432;size=172	0.7477	0.7477	0.926	0.926	Eukaryota;SAR;Alveolata;Perkinsea
bcf161f85092817a43fe7e7dc426762839dd3a02;size=12	0.8336	0.8336	0.9917	0.9917	Eukaryota;SAR;Alveolata;Perkinsea
0a6c3456c503d924b7b6cd608a5ddd5f68fca59f;size=103	0.8775	0.8775	0.9258	0.9258	Eukaryota;SAR;Alveolata;Perkinsea
43b50e4df4b4e5c10ec4785db3c7d76feff11264;size=8526	0.9593	0.9659	0.9595	0.966	Eukaryota;SAR;Alveolata;Perkinsea
1f1135e0be5c7bedd20fb267611f8e40af96d954;size=17	0.8397	0.8397	0.9717	0.9717	Eukaryota;SAR;Alveolata;Perkinsea
a74b115a8666f84c0dc7f0b61e6c5b634d2039fa;size=22	0.9694	0.9695	0.9694	0.9695	Eukaryota;SAR;Alveolata;Perkinsea
1bef713477b7e7aae5ae3113344576f9359830d7;size=2428	0.4537	0.4562	0.9183	0.9234	Eukaryota;SAR;Alveolata;Perkinsea
e9e3995cc4d7a5e1260b19f6644cb842d26b444d;size=23	0.8256	0.8256	0.9819	0.9819	Eukaryota;SAR;Alveolata;Perkinsea
f1168e86dc9f1a58939203d94ccdbacbe959b0a7;size=14	0.5646	0.5646	0.5647	0.5647	Eukaryota;SAR;Alveolata;Perkinsea;Perkinsidae
87ca2c8e6ed2d828b8235ea3fe22df477b58da5e;size=1224	0.5172	0.5172	0.9237	0.9237	Eukaryota;SAR;Alveolata;Perkinsea
12016d0334f868417c10980db919465aaae5fe7e;size=49	0.6812	0.6817	0.9294	0.9301	Eukaryota;SAR;Alveolata;Perkinsea
2947003a5e349caf3bbd7a453930f826e6d6abea;size=45	0.7783	0.7783	0.954	0.954	Eukaryota;SAR;Alveolata;Perkinsea
0a6b8d18a1484a14c172ab08bfc9ba304f06b4ae;size=56	0.9279	0.9404	0.9279	0.9404	Eukaryota;SAR;Alveolata;Perkinsea
c362b5dba9ded916a08aecc41aaaa7ec74ba7720;size=44	0.5772	0.5772	0.9756	0.9756	Eukaryota;SAR;Alveolata;Perkinsea
c65afecb2b006dde4eaf594e0abbf60df0ab9a2a;size=62	0.9627	0.9635	0.9627	0.9635	Eukaryota;SAR;Alveolata;Perkinsea
cc48146436f9448ac432f42a2b582a9bc3122898;size=60	0.898	0.9242	0.9649	0.9931	Eukaryota;SAR;Alveolata;Perkinsea
096adfe1756ceed86a518f719c3ea0d563ffae6e;size=16	0.8048	0.8509	0.9001	0.9516	Eukaryota;SAR;Alveolata;Perkinsea
5074bc8932a351657f55025ae972010419016f8f;size=17	0.6136	0.6145	0.6136	0.6145	Eukaryota;SAR;Alveolata;Perkinsea;Parviluciferaceae;Dinovorax pyriformis
8e436a18f632660b6f6cdcaa710b5fb0403a09db;size=87	0.9441	0.949	0.9673	0.9722	Eukaryota;SAR;Alveolata;Perkinsea;Parviluciferaceae
984f36a00959d46bb82e26ee5d156f7414aa9f4c;size=78	0.9082	0.9104	0.9583	0.9607	Eukaryota;SAR;Alveolata;Perkinsea;Parviluciferaceae
3b18ee30eb39a428c524c45cd9200604f17b2b46;size=18	0.7841	0.7889	0.8173	0.8223	Eukaryota;SAR;Alveolata;Perkinsea;Parviluciferaceae
836b79b4375f6338dce1ece0732059a314410586;size=52	0.5777	0.6127	0.7344	0.779	Eukaryota;SAR;Alveolata;Perkinsea;Parviluciferaceae
58e0ed3c9dd342211da3fb3a906ea6dcf775d9e6;size=29	0.8124	0.8393	0.8693	0.898	Eukaryota;SAR;Alveolata;Perkinsea;Parviluciferaceae
6caf0ce16e648cddaf74a577e3c6abe9a05acfa4;size=29	0.9511	0.9556	0.9592	0.9638	Eukaryota;SAR;Alveolata;Perkinsea;Parviluciferaceae
40f06e59b31c34162eb9bd1b193a650d8ef558dd;size=807	0.9204	0.9204	0.9838	0.9838	Eukaryota;SAR;Alveolata;Perkinsea;Parviluciferaceae
61473a4d7cc257d155dac7938191d81c670559ce;size=18	0.9008	0.912	0.9467	0.9585	Eukaryota;SAR;Alveolata;Perkinsea;Parviluciferaceae
6925f5f075f981d2bae3f359fd3da5b7dd492e58;size=185	0.6061	0.6802	0.8784	0.9858	Eukaryota;SAR;Alveolata;Perkinsea
3cda5faa44fb44ae0aa7f57c3470e25931ff4405;size=42	0.8801	0.8824	0.8946	0.8969	Eukaryota;SAR;Alveolata;Perkinsea;Parviluciferaceae
b41c5359255a7cb1b85846b3e848855277c44093;size=14	0.9076	0.9086	0.9957	0.9968	Eukaryota;SAR;Alveolata;Perkinsea
1514fcd7bf46d0d14639a67d12227de31e834d2d;size=32	0.4482	0.4483	0.9928	0.993	Eukaryota;SAR;Alveolata;Perkinsea
9e4e25ab8e93dde1e79d90348d34d567645fad54;size=24	0.7861	0.8175	0.8292	0.8623	Eukaryota;SAR;Alveolata;Perkinsea;Parviluciferaceae
278161b3b84ae6abded32ad1f33005adbc89705c;size=14	0.6546	0.669	0.935	0.9556	Eukaryota;SAR;Alveolata;Perkinsea
99ce0fa8fcfcc40e91234578721ad8b57fe37abf;size=75	0.9246	0.9254	0.9492	0.9501	Eukaryota;SAR;Alveolata;Perkinsea;Parviluciferaceae
4084a258aa91708a0a4eeb9bc9d88105fbdd9345;size=129	0.8607	0.8797	0.8794	0.8988	Eukaryota;SAR;Alveolata;Perkinsea;Parviluciferaceae
f13554621faaa070bca0d70a46a536e94a850ae2;size=212	0.8327	0.8373	0.9585	0.9637	Eukaryota;SAR;Alveolata;Perkinsea;Parviluciferaceae
b51e957ccbcb4083a02148f7ca62489cb2f4f9e2;size=15	0.8679	0.8697	0.9532	0.9552	Eukaryota;SAR;Alveolata;Perkinsea;Parviluciferaceae
b84b132febcc5b72392af0b73167ad263dd3b8f9;size=281	0.9857	0.9862	0.9933	0.9939	Eukaryota;SAR;Alveolata;Perkinsea
d6943abd93a8296dfc7d8f56628d5688c6b38d58;size=156	0.93	0.9391	0.9665	0.9759	Eukaryota;SAR;Alveolata;Perkinsea;Parviluciferaceae
7737bf14ff8364aacaf955d4c9e7c356781077a8;size=15	0.5958	0.5981	0.9935	0.9973	Eukaryota;SAR;Alveolata;Perkinsea
0c0ef57ad96cfe9bc432938cab03f5cf6d5d7d4f;size=21	0.7676	0.7678	0.7925	0.7927	Eukaryota;SAR;Alveolata;Perkinsea;Parviluciferaceae
7c430bda8afec12d16173836aeb6f50fb29a86ad;size=39	0.9129	0.9303	0.9211	0.9387	Eukaryota;SAR;Alveolata;Perkinsea;Parviluciferaceae
fea64c241fd4f8ad6373f16d680a9562b10ea1e8;size=68	0.9154	0.9172	0.9788	0.9807	Eukaryota;SAR;Alveolata;Perkinsea
b7c2bb4e24f0589aefaac376d1fc0bf7e8331f57;size=77	0.8991	0.9066	0.9586	0.9666	Eukaryota;SAR;Alveolata;Perkinsea;Parviluciferaceae
b860cba60e9365a60a1b008c8c1137b8471b1867;size=15	0.4555	0.459	0.9867	0.9943	Eukaryota;SAR;Alveolata;Perkinsea
fee4ebcbdcb91d7a69c870339f00b9613d2c78c1;size=26	0.9061	0.9142	0.9273	0.9355	Eukaryota;SAR;Alveolata;Perkinsea;Parviluciferaceae
24d6c07d2ea06cd2fbd6e53646dc62b970498d6f;size=882	0.8132	0.8133	0.9923	0.9924	Eukaryota;SAR;Alveolata;Perkinsea
b331d043a3edbcddc98396c43f04a6d82f35b24c;size=69	0.4454	0.4503	0.9422	0.9524	Eukaryota;SAR;Alveolata;Perkinsea
c4ed9d26de8e54446108ca16277b59d564bc80b1;size=10	0.8894	0.893	0.9566	0.9605	Eukaryota;SAR;Alveolata;Perkinsea;Parviluciferaceae
8a4234ac12e9ce84646e67c84401502c07431d17;size=135	0.5369	0.5409	0.9802	0.9875	Eukaryota;SAR;Alveolata;Perkinsea
596a42bb0b98e874a57820012ab38a9d88fb973a;size=136	0.9193	0.9236	0.9193	0.9236	Eukaryota;SAR;Alveolata;Perkinsea;Parviluciferaceae
6abbcda265134239d68bf85d20883982dbb3e92a;size=409	0.921	0.9242	0.9498	0.9531	Eukaryota;SAR;Alveolata;Perkinsea;Parviluciferaceae
237ecdcf967be521010f8aa5b49628cdbbd37daf;size=190	0.8001	0.8074	0.9741	0.9831	Eukaryota;SAR;Alveolata;Perkinsea;Parviluciferaceae
8862c99712f45293b2bfb669d07f076d19eccfcf;size=111	0.8584	0.8585	0.8584	0.8585	Eukaryota;SAR;Alveolata;Perkinsea;PERK04;Marine environmental sequence
850982e6008bd33a2f0bbbdbc4ad81186fbd749f;size=501	0.8704	0.8716	0.9687	0.9701	Eukaryota;SAR;Alveolata;Perkinsea
5ec79956ff98687c50bf5a971a5de493c55ccd1f;size=593	0.9398	0.9407	0.9398	0.9407	Eukaryota;SAR;Alveolata;Perkinsea;NAG01;Freshwater environmental sequence
d20273b6a29d31007d26b94ee5c8917075a9b961;size=1012	0.8378	0.8419	0.9485	0.9531	Eukaryota;SAR;Alveolata;Perkinsea;PERK02
9495787b1c190fc2cffe424279df63756def2fcd;size=10	0.9657	0.9674	0.9658	0.9675	Eukaryota;SAR;Alveolata;Perkinsea;PERK02
7c8dbe02f1943f230c229c154aa5e4fccec96303;size=10	0.8338	0.8392	0.9216	0.9276	Eukaryota;SAR;Alveolata;Perkinsea;PERK02
886b3df1ba67adaf35aea2c26724dd4eb6300f34;size=17	0.968	0.968	0.968	0.968	Eukaryota;SAR;Alveolata;Perkinsea;PERK02
914cd80dc4e2fb2a32d5a1071d3472d243be29c4;size=32	0.9739	0.9739	0.9739	0.9739	Eukaryota;SAR;Alveolata;Perkinsea;PERK02
807a822ed9206b28013b811d64ce4601e8881ee5;size=12	0.9611	0.9611	0.9611	0.9612	Eukaryota;SAR;Alveolata;Perkinsea;PERK02
3bad53e06cf81280655f2080ba39a3781e2bc978;size=25	0.9676	0.9676	0.9676	0.9676	Eukaryota;SAR;Alveolata;Perkinsea;PERK02
de84580d93456d87cf8a84169abc5f231ccc9462;size=15	0.9604	0.9605	0.9604	0.9605	Eukaryota;SAR;Alveolata;Perkinsea;PERK02
9645d4f65a0d614ac5f786f34feab33fc9f4c3aa;size=120	0.9354	0.9354	0.9354	0.9354	Eukaryota;SAR;Alveolata;Perkinsea;PERK02
a5971bf1174a65b90a0a7a52c9834b8b4d3016e3;size=17	0.9571	0.9571	0.9572	0.9572	Eukaryota;SAR;Alveolata;Perkinsea;PERK02
1f89c5a9253bbc913be0980da61089ce7fc44e9d;size=18	0.9625	0.964	0.9625	0.964	Eukaryota;SAR;Alveolata;Perkinsea;PERK02
d50543ab634c97fc8c33cb6cbe6db0c40a342649;size=15	0.683	0.683	0.926	0.926	Eukaryota;SAR;Alveolata;Perkinsea
c5ac533b544cb68cfce1b151211d8854f7f21ef2;size=26	0.9228	0.9228	0.9729	0.9729	Eukaryota;SAR;Alveolata;Perkinsea
227ae6380411722106c07ec83123180319213dd7;size=22	0.8387	0.8388	0.9357	0.9358	Eukaryota;SAR;Alveolata;Perkinsea
b07fa6d14baca42f94ccee2dd237ef8560d925ed;size=543	0.6415	0.6415	0.9734	0.9734	Eukaryota;SAR;Alveolata;Perkinsea
26ef0258183434417bde274127cc25968a57d78e;size=296	0.8979	0.8979	0.9596	0.9596	Eukaryota;SAR;Alveolata;Perkinsea
a793184ea080027c002e8d58261dacfb91de4960;size=59	0.9225	0.9305	0.9225	0.9305	Eukaryota;SAR;Alveolata;Perkinsea;Perkinsidae
1df7ff426bdef622d75db6a3fc6b91b8d1433e4c;size=14	0.848	0.848	0.9351	0.9351	Eukaryota;SAR;Alveolata;Perkinsea;Parviluciferaceae
5b4226f969233e2eabb8a80647ee6c9d94881a26;size=1152	0.8627	0.8786	0.8741	0.8903	Eukaryota;SAR;Alveolata;Perkinsea;Parviluciferaceae
aa6ae9800051cab3a25c278d3cb0e9ad70ee513f;size=230	0.6223	0.6233	0.632	0.633	Eukaryota;SAR;Alveolata;Perkinsea;Parviluciferaceae
61f41eab4b90cb15d402557da578cadb6729eb34;size=729	0.955	0.955	0.955	0.955	Eukaryota;SAR;Alveolata;Perkinsea;Parviluciferaceae;Dinovorax pyriformis
ba64a0cc65f6b1d0929c96d0e4966d597b7c4960;size=106	0.6515	0.6897	0.8963	0.9489	Eukaryota;SAR;Alveolata;Perkinsea
db08957d74b48c3f8ae7dec6b9593908ec841ed3;size=84	0.8792	0.8794	0.9642	0.9645	Eukaryota;SAR;Alveolata;Perkinsea;Parviluciferaceae
6f5c6bc6b82e47a44d875927cb5f1e9e5087d109;size=12	0.9154	0.9157	0.9882	0.9886	Eukaryota;SAR;Alveolata;Perkinsea
852457a230df45d296f72a6abec2958ea6500b78;size=42	0.8318	0.8323	0.834	0.8345	Eukaryota;SAR;Alveolata;Perkinsea;Parviluciferaceae
e05faecd11bd4b7e3c01cdadb96fd6d9b18e75bc;size=291	0.9405	0.9419	0.9712	0.9726	Eukaryota;SAR;Alveolata;Perkinsea;Parviluciferaceae
5e6c16cad6f03cc84d123c15791886c840a615b7;size=17	0.9902	0.9904	0.9902	0.9904	Eukaryota;SAR;Alveolata;Perkinsea;NAG01;Freshwater environmental sequence
e605d43cec00028976ab4218804aadc18d010798;size=29	0.9632	0.9642	0.9634	0.9644	Eukaryota;SAR;Alveolata;Perkinsea;PERK02
f3a45e410678e75d3c227feba4f921459bcb319a;size=91	0.974	0.974	0.9741	0.9741	Eukaryota;SAR;Alveolata;Perkinsea;PERK02
ed1a7516439b92d344e8a327245345bc45a92446;size=228	0.974	0.974	0.974	0.974	Eukaryota;SAR;Alveolata;Perkinsea;PERK02
e3c2c04f43af9e82f9c28c73f93b6d124c047f97;size=244	0.3673	0.3677	0.3674	0.3677	Eukaryota;SAR;Alveolata;Perkinsea;Perkinsidae
f13065ff165a968ceef6d2de912dc5a2d6fa05e2;size=94	0.9861	0.9862	0.9861	0.9862	Eukaryota;SAR;Alveolata;Perkinsea
e35ff2dfe297c7b5d9a68a238e484b62a8ce0d7e;size=355	0.7224	0.7235	0.9236	0.925	Eukaryota;SAR;Alveolata;Perkinsea
d3684c0235541d88c8e960983cb0791763159471;size=57	0.9814	0.9847	0.9814	0.9847	Eukaryota;SAR;Alveolata;Perkinsea
d7a1f974589b1b03903bfd4e8b1bd539d3f9f02c;size=633	0.6378	0.6511	0.9026	0.9214	Eukaryota;SAR;Alveolata;Perkinsea
da469bcd0540b2d27c3eb4e114d25499a50e7bdb;size=404	0.9654	0.9654	0.9654	0.9654	Eukaryota;SAR;Alveolata;Perkinsea;PERK02
6b07d4e72f1293e0b304f262a1528ba58f2682ab;size=86	0.9693	0.9695	0.9693	0.9695	Eukaryota;SAR;Alveolata;Perkinsea;PERK02
529d5e805509dfa72ec0de10d7176cf941c768bf;size=48	0.9517	0.9536	0.9582	0.9602	Eukaryota;SAR;Alveolata;Perkinsea
3e477e96cbe6aa6443cbb5bcbc0295655abc1bb4;size=13	0.8269	0.8297	0.9278	0.931	Eukaryota;SAR;Alveolata;Perkinsea
94cbacfa6b0d1903b46a6c70e786fef6926688e4;size=27	0.9746	0.9808	0.9747	0.981	Eukaryota;SAR;Alveolata;Perkinsea
38e27f7180a54a71451ec1d4289ff56e5a905301;size=101	0.6998	0.6998	0.945	0.945	Eukaryota;SAR;Alveolata;Perkinsea;Xcellidae
697635f07f6f25baa3be65584e2a5556c37b1682;size=18	0.8147	0.8207	0.9488	0.9558	Eukaryota;SAR;Alveolata;Perkinsea
